{
 "generated": "2026-07-18T19:10:28.178Z",
 "count": 1,
 "results": [
  {
   "file": "cubes_voxel.fs",
   "compileOk": true,
   "linkOk": true,
   "errors": [],
   "warnings": [],
   "headerLineCount": 36,
   "activeUniforms": [
    "TIME",
    "audioLevel",
    "audioBass",
    "_transparentBg",
    "rate",
    "rot",
    "tilt",
    "dof",
    "zoom",
    "grow",
    "seed1",
    "seed2",
    "seed3",
    "color",
    "loops",
    "audioReact",
    "scVideoMix",
    "RENDERSIZE",
    "mousePos",
    "light",
    "c1",
    "c2",
    "scVideoInput"
   ],
   "meanLuma": 0.22173596148023117,
   "variance": 0.12689417600975386,
   "blackFrac": 0.7291030883789062,
   "entropy": 1.1789912459197622,
   "edges": 0.02524306353400735,
   "movement": 0.25070037509361387,
   "audioResponseRaw": 0.22412979026245916,
   "audioResponse": 0,
   "styles": {
    "edm": {
     "corr": 0.1357044245741265,
     "nullCorr": 0.2250510137594183,
     "corrAdj": 0,
     "responseMag": 0.003008514603758169,
     "silenceStep": 0.011412217881944445,
     "medianStep": 0.014420732485702614,
     "p95Step": 0.10578812742544935,
     "choppiness": 7.335835924446461
    },
    "hiphop": {
     "corr": 0,
     "nullCorr": 0.4025474277536769,
     "corrAdj": 0,
     "responseMag": 0,
     "silenceStep": 0.07768323312397876,
     "medianStep": 0.029113929100285946,
     "p95Step": 0.09627693525326797,
     "choppiness": 3.3069028546999646
    },
    "rock": {
     "corr": 0.5316316157044572,
     "nullCorr": 0.35513393990742614,
     "corrAdj": 0.17649767579703102,
     "responseMag": 0.0701101664624183,
     "silenceStep": 0.007417407066993464,
     "medianStep": 0.07752757352941177,
     "p95Step": 0.10987461065155228,
     "choppiness": 1.417232677995126
    },
    "ambient": {
     "corr": 0,
     "nullCorr": 0.8590098200210381,
     "corrAdj": 0,
     "responseMag": 0,
     "silenceStep": 0.04153853273080065,
     "medianStep": 0.011469263812295752,
     "p95Step": 0.04809945299734477,
     "choppiness": 4.1937698691505565
    },
    "jazz": {
     "corr": 0,
     "nullCorr": 0.28285494789393895,
     "corrAdj": 0,
     "responseMag": 0,
     "silenceStep": 0.0884765625,
     "medianStep": 0.0746722452001634,
     "p95Step": 0.11004479102839053,
     "choppiness": 1.4737040614408863
    }
   },
   "styleDifferentiation": 0.08074279877650745,
   "scores": {
    "density": 10,
    "movement": 10,
    "palette": 1.650587744287667,
    "edges": 2.2718757180606612,
    "audio": 0,
    "audioStyles": {
     "edm": 1.6454978405887841,
     "hiphop": 0,
     "rock": 5.647465136955465,
     "ambient": 0,
     "jazz": 0
    },
    "audioMin": 0,
    "styleDiff": 10,
    "overall": 5.980615865587081
   },
   "choppy": true,
   "maxChoppiness": 7.335835924446461,
   "maxP95Step": 0.11004479102839053,
   "ok": true
  }
 ]
}